<CMS_MODULE>

  <CMS_INPUT_TEXT name="gc_apiKey" hFill="yes" useLanguages="no">
    <LANGINFOS>
      <LANGINFO lang="*" label="DeepL Api-Key"/>
    </LANGINFOS>
  </CMS_INPUT_TEXT>

  <CMS_INPUT_NUMBER name="gc_maxAllowedCharsForAPeriod" hFill="yes" useLanguages="no">
    <LANGINFOS>
      <LANGINFO lang="*" label="Maximum number of chars that can be translated in a 30 day period"/>
    </LANGINFOS>
  </CMS_INPUT_NUMBER>

  <CMS_INPUT_NUMBER name="gc_translatedCharsThisPeriod" editable="no" hFill="yes" useLanguages="no">
    <LANGINFOS>
      <LANGINFO lang="*" label="Sum of the chars that are translated within the actual 30 day period"/>
    </LANGINFOS>
  </CMS_INPUT_NUMBER>

  <CMS_INPUT_DATE name="gc_startOfPeriod" hFill="yes" useLanguages="no">
    <LANGINFOS>
      <LANGINFO lang="*" label="Start of actual 30-day period"/>
    </LANGINFOS>
  </CMS_INPUT_DATE>

  <CMS_INPUT_CHECKBOX name="pt_options" gridWidth="1" hFill="yes">
    <ENTRIES>
      <ENTRY value="includeSections">
        <LANGINFOS>
          <LANGINFO lang="*" label="Include sections in translation"/>
        </LANGINFOS>
      </ENTRY>
      <ENTRY value="includeNested">
        <LANGINFOS>
          <LANGINFO lang="*" label="Include content in nested components in translation"/>
        </LANGINFOS>
      </ENTRY>
      <ENTRY value="includeMenuEntries">
        <LANGINFOS>
          <LANGINFO lang="*" label="Include menu entries in translation"/>
        </LANGINFOS>
      </ENTRY>
      <ENTRY value="copyLanguageDependentComponents">
        <LANGINFOS>
          <LANGINFO lang="*" label="Copy non-textual content of language dependent components"/>
        </LANGINFOS>
      </ENTRY>
      <ENTRY value="markAsTranslated">
        <LANGINFOS>
          <LANGINFO lang="*" label="Mark element as translated"/>
        </LANGINFOS>
      </ENTRY>
      <ENTRY value="overwrite">
        <LANGINFOS>
          <LANGINFO lang="*" label="Force overwrite content, if content is not empty"/>
        </LANGINFOS>
      </ENTRY>
      <ENTRY value="keepReleaseState">
        <LANGINFOS>
          <LANGINFO lang="*" label="Keep release state"/>
        </LANGINFOS>
      </ENTRY>
    </ENTRIES>
    <LANGINFOS>
      <LANGINFO lang="*" label="Options"/>
    </LANGINFOS>
  </CMS_INPUT_CHECKBOX>

</CMS_MODULE>