<?xml version="1.0" encoding="UTF-8"?>
<CLASSES>
	<CLASS name="java.util.HashMap">
		<CLASS name="java.lang.Long" value="436673"/>
		<CLASS name="java.util.HashMap">
			<CLASS name="java.lang.String">dp.x</CLASS>
			<CLASS name="java.lang.String">&lt;TEMPLATECONTENT&gt;&lt;CMS_VALUE name="gc_apiKey"&gt;&lt;LANG id="§" set="1"&gt;&lt;TEXT/&gt;&lt;/LANG&gt;&lt;/CMS_VALUE&gt;&lt;CMS_VALUE name="gc_maxAllowedCharsForAPeriod"&gt;&lt;LANG id="§" set="1"&gt;&lt;FIG/&gt;&lt;/LANG&gt;&lt;/CMS_VALUE&gt;&lt;CMS_VALUE name="gc_translatedCharsThisPeriod"&gt;&lt;LANG id="§" set="1"&gt;&lt;FIG/&gt;&lt;/LANG&gt;&lt;/CMS_VALUE&gt;&lt;CMS_VALUE name="gc_startOfPeriod"&gt;&lt;LANG id="§" set="1"&gt;&lt;DATE/&gt;&lt;/LANG&gt;&lt;/CMS_VALUE&gt;&lt;CMS_VALUE name="pt_options"&gt;&lt;LANG id="DE" set="1"&gt;&lt;SEL/&gt;&lt;/LANG&gt;&lt;LANG id="EN" set="1"&gt;&lt;SEL/&gt;&lt;/LANG&gt;&lt;/CMS_VALUE&gt;&lt;/TEMPLATECONTENT&gt;</CLASS>
		</CLASS>
	</CLASS>
</CLASSES>